Row ID,Order ID,Order Date,Ship Date,Ship Mode,Customer ID,Customer Name,Segment,Country,City,State,Region,Product ID,Category,Sub-Category,Product Name,Sales,Order Month,Order Weekday
3,CA-2017-138688,2017-12-06,,Second Class,DV-13045,Darrin Van Huff,Corporate,United States,Los Angeles,California,West,OFF-LA-10000240,Office Supplies,Labels,Self-Adhesive Address Labels for Typewriters by Universal,14.62,December,Wednesday
80,CA-2017-127208,2017-12-06,,First Class,SC-20770,Stewart Carmichael,Corporate,United States,Decatur,Alabama,South,OFF-AP-10002118,Office Supplies,Appliances,"1.7 Cubic Foot Compact ""Cube"" Office Refrigerators",208.16,December,Wednesday
81,CA-2017-127208,2017-12-06,,First Class,SC-20770,Stewart Carmichael,Corporate,United States,Decatur,Alabama,South,OFF-BI-10002309,Office Supplies,Binders,Avery Heavy-Duty EZD  Binder With Locking Rings,16.74,December,Wednesday
82,CA-2015-139451,2015-12-10,,Standard Class,DN-13690,Duane Noonan,Consumer,United States,San Francisco,California,West,OFF-AR-10002053,Office Supplies,Art,"Premium Writing Pencils, Soft, #2 by Central Association for the Blind",14.9,December,Thursday
83,CA-2015-139451,2015-12-10,,Standard Class,DN-13690,Duane Noonan,Consumer,United States,San Francisco,California,West,OFF-ST-10002370,Office Supplies,Storage,"Sortfiler Multipurpose Personal File Organizer, Black",21.39,December,Thursday
120,CA-2017-103730,2017-12-06,,First Class,SC-20725,Steven Cartwright,Consumer,United States,Wilmington,Delaware,East,FUR-FU-10002157,Furniture,Furnishings,Artistic Insta-Plaque,47.04,December,Wednesday
121,CA-2017-103730,2017-12-06,,First Class,SC-20725,Steven Cartwright,Consumer,United States,Wilmington,Delaware,East,OFF-BI-10003910,Office Supplies,Binders,DXL Angle-View Binders with Locking Rings by Samsill,30.84,December,Wednesday
122,CA-2017-103730,2017-12-06,,First Class,SC-20725,Steven Cartwright,Consumer,United States,Wilmington,Delaware,East,OFF-ST-10000777,Office Supplies,Storage,"Companion Letter/Legal File, Black",226.56,December,Wednesday
123,CA-2017-103730,2017-12-06,,First Class,SC-20725,Steven Cartwright,Consumer,United States,Wilmington,Delaware,East,OFF-EN-10002500,Office Supplies,Envelopes,Globe Weis Peel & Seel First Class Envelopes,115.02,December,Wednesday
124,CA-2017-103730,2017-12-06,,First Class,SC-20725,Steven Cartwright,Consumer,United States,Wilmington,Delaware,East,TEC-PH-10003875,Technology,Phones,KLD Oscar II Style Snap-on Ultra Thin Side Flip Synthetic Leather Cover Case for HTC One HTC M7,68.04,December,Wednesday
190,CA-2016-102281,2016-12-10,,First Class,MP-17470,Mark Packer,Home Office,United States,New York City,New York,East,FUR-BO-10002613,Furniture,Bookcases,"Atlantic Metals Mobile 4-Shelf Bookcases, Custom Colors",899.136,December,Saturday
191,CA-2016-102281,2016-12-10,,First Class,MP-17470,Mark Packer,Home Office,United States,New York City,New York,East,TEC-PH-10001552,Technology,Phones,I Need's 3d Hello Kitty Hybrid Silicone Case Cover for HTC One X 4g with 3d Hello Kitty Stylus Pen Green/pink,71.76,December,Saturday
192,CA-2016-102281,2016-12-10,,First Class,MP-17470,Mark Packer,Home Office,United States,New York City,New York,East,OFF-PA-10000061,Office Supplies,Paper,Xerox 205,51.84,December,Saturday
193,CA-2016-102281,2016-12-10,,First Class,MP-17470,Mark Packer,Home Office,United States,New York City,New York,East,FUR-BO-10002545,Furniture,Bookcases,"Atlantic Metals Mobile 3-Shelf Bookcases, Custom Colors",626.352,December,Saturday
194,CA-2016-102281,2016-12-10,,First Class,MP-17470,Mark Packer,Home Office,United States,New York City,New York,East,OFF-AR-10003514,Office Supplies,Art,4009 Highlighters by Sanford,19.9,December,Saturday
237,CA-2018-160514,2018-12-11,,Standard Class,DB-13120,David Bremer,Corporate,United States,Santa Clara,California,West,OFF-PA-10002479,Office Supplies,Paper,Xerox 4200 Series MultiUse Premium Copy Paper (20Lb. and 84 Bright),10.56,December,Tuesday
310,CA-2017-142902,2017-12-09,,Second Class,BP-11185,Ben Peterman,Corporate,United States,Arvada,Colorado,West,FUR-FU-10001918,Furniture,Furnishings,C-Line Cubicle Keepers Polyproplyene Holder With Velcro Backings,15.136,December,Saturday
311,CA-2017-142902,2017-12-09,,Second Class,BP-11185,Ben Peterman,Corporate,United States,Arvada,Colorado,West,FUR-CH-10004086,Furniture,Chairs,Hon 4070 Series Pagoda Armless Upholstered Stacking Chairs,466.768,December,Saturday
312,CA-2017-142902,2017-12-09,,Second Class,BP-11185,Ben Peterman,Corporate,United States,Arvada,Colorado,West,FUR-FU-10001756,Furniture,Furnishings,"Eldon Expressions Desk Accessory, Wood Photo Frame, Mahogany",15.232,December,Saturday
313,CA-2017-142902,2017-12-09,,Second Class,BP-11185,Ben Peterman,Corporate,United States,Arvada,Colorado,West,OFF-LA-10000634,Office Supplies,Labels,Avery 509,6.264,December,Saturday
338,CA-2015-129924,2015-12-07,,Standard Class,AC-10420,Alyssa Crouse,Corporate,United States,San Francisco,California,West,OFF-BI-10003314,Office Supplies,Binders,Tuff Stuff Recycled Round Ring Binders,7.712,December,Monday
339,CA-2015-129924,2015-12-07,,Standard Class,AC-10420,Alyssa Crouse,Corporate,United States,San Francisco,California,West,FUR-TA-10004575,Furniture,Tables,Hon 5100 Series Wood Tables,698.352,December,Monday
428,CA-2015-101476,2015-12-09,,First Class,SD-20485,Shirley Daniels,Home Office,United States,New Rochelle,New York,East,TEC-MA-10000029,Technology,Machines,"Epson WorkForce WF-2530 All-in-One Printer, Copier Scanner",69.99,December,Wednesday
437,CA-2017-147375,2017-12-06,,Second Class,PO-19180,Philisse Overcash,Home Office,United States,Chicago,Illinois,Central,TEC-MA-10002937,Technology,Machines,"Canon Color ImageCLASS MF8580Cdw Wireless Laser All-In-One Printer, Copier, Scanner",1007.979,December,Wednesday
438,CA-2017-147375,2017-12-06,,Second Class,PO-19180,Philisse Overcash,Home Office,United States,Chicago,Illinois,Central,OFF-PA-10001970,Office Supplies,Paper,Xerox 1908,313.488,December,Wednesday
457,US-2015-110674,2015-12-02,,Standard Class,SC-20095,Sanjit Chand,Consumer,United States,Concord,California,West,FUR-CH-10000225,Furniture,Chairs,"Global Geo Office Task Chair, Gray",129.568,December,Wednesday
478,CA-2017-103891,2017-12-07,,Standard Class,KH-16690,Kristen Hastings,Corporate,United States,Los Angeles,California,West,TEC-PH-10000149,Technology,Phones,Cisco SPA525G2 IP Phone - Wireless,95.76,December,Thursday
506,CA-2018-134978,2018-12-11,,Second Class,EB-13705,Ed Braxton,Corporate,United States,New York City,New York,East,OFF-BI-10003274,Office Supplies,Binders,"Avery Durable Slant Ring Binders, No Labels",15.92,December,Tuesday
705,CA-2015-138527,2015-12-09,,Standard Class,BN-11470,Brad Norvell,Corporate,United States,Cary,North Carolina,South,OFF-PA-10001800,Office Supplies,Paper,Xerox 220,10.368,December,Wednesday
706,CA-2015-138527,2015-12-09,,Standard Class,BN-11470,Brad Norvell,Corporate,United States,Cary,North Carolina,South,OFF-AP-10001469,Office Supplies,Appliances,Fellowes 8 Outlet Superior Workstation Surge Protector,166.84,December,Wednesday
707,CA-2015-138527,2015-12-09,,Standard Class,BN-11470,Brad Norvell,Corporate,United States,Cary,North Carolina,South,TEC-AC-10002399,Technology,Accessories,SanDisk Cruzer 32 GB USB Flash Drive,15.216,December,Wednesday
788,CA-2016-154620,2016-12-12,,Standard Class,LT-17110,Liz Thompson,Consumer,United States,Lancaster,California,West,FUR-CH-10004675,Furniture,Chairs,"Lifetime Advantage Folding Chairs, 4/Carton",348.928,December,Monday
804,CA-2017-115504,2017-12-03,,Standard Class,MC-18130,Mike Caudle,Corporate,United States,Monroe,Louisiana,South,OFF-PA-10003953,Office Supplies,Paper,Xerox 218,12.96,December,Sunday
1046,CA-2018-152702,2018-12-10,,Standard Class,SN-20710,Steve Nguyen,Home Office,United States,Rockford,Illinois,Central,FUR-CH-10002304,Furniture,Chairs,"Global Stack Chair without Arms, Black",254.604,December,Monday
1074,CA-2017-134348,2017-12-11,,Standard Class,MS-17710,Maurice Satty,Consumer,United States,Mesa,Arizona,West,OFF-BI-10003727,Office Supplies,Binders,Avery Durable Slant Ring Binders With Label Holder,6.27,December,Monday
1075,CA-2017-134348,2017-12-11,,Standard Class,MS-17710,Maurice Satty,Consumer,United States,Mesa,Arizona,West,OFF-BI-10004967,Office Supplies,Binders,Round Ring Binders,4.368,December,Monday
1076,CA-2017-134348,2017-12-11,,Standard Class,MS-17710,Maurice Satty,Consumer,United States,Mesa,Arizona,West,TEC-AC-10003447,Technology,Accessories,Micropad Numeric Keypads,31.984,December,Monday
1087,CA-2017-167584,2017-12-08,2017-12-08,Same Day,LC-16870,Lena Cacioppo,Consumer,United States,Des Moines,Iowa,Central,OFF-PA-10000029,Office Supplies,Paper,Xerox 224,6.48,December,Friday
1130,CA-2017-112102,2017-12-04,,Standard Class,BD-11605,Brian Dahlen,Consumer,United States,Springfield,Virginia,South,FUR-TA-10004086,Furniture,Tables,KI Adjustable-Height Table,343.92,December,Monday
1131,CA-2017-112102,2017-12-04,,Standard Class,BD-11605,Brian Dahlen,Consumer,United States,Springfield,Virginia,South,OFF-PA-10000100,Office Supplies,Paper,Xerox 1945,40.99,December,Monday
1132,CA-2017-112102,2017-12-04,,Standard Class,BD-11605,Brian Dahlen,Consumer,United States,Springfield,Virginia,South,OFF-EN-10002500,Office Supplies,Envelopes,Globe Weis Peel & Seel First Class Envelopes,63.9,December,Monday
1137,CA-2017-152170,2017-12-11,,Second Class,FH-14275,Frank Hawley,Corporate,United States,La Porte,Indiana,Central,OFF-EN-10002831,Office Supplies,Envelopes,"Tyvek  Top-Opening Peel & Seel  Envelopes, Gray",287.52,December,Monday
1138,CA-2017-152170,2017-12-11,,Second Class,FH-14275,Frank Hawley,Corporate,United States,La Porte,Indiana,Central,OFF-AP-10002350,Office Supplies,Appliances,Belkin F9H710-06 7 Outlet SurgeMaster Surge Protector,37.68,December,Monday
1139,CA-2017-152170,2017-12-11,,Second Class,FH-14275,Frank Hawley,Corporate,United States,La Porte,Indiana,Central,OFF-PA-10001763,Office Supplies,Paper,Xerox 1896,19.98,December,Monday
1140,CA-2017-152170,2017-12-11,,Second Class,FH-14275,Frank Hawley,Corporate,United States,La Porte,Indiana,Central,OFF-AR-10003394,Office Supplies,Art,Newell 332,20.58,December,Monday
1141,CA-2017-152170,2017-12-11,,Second Class,FH-14275,Frank Hawley,Corporate,United States,La Porte,Indiana,Central,OFF-BI-10002072,Office Supplies,Binders,Cardinal Slant-D Ring Binders,17.38,December,Monday
1221,CA-2015-110184,2015-12-07,,Standard Class,BF-11170,Ben Ferrer,Home Office,United States,Los Angeles,California,West,OFF-ST-10000107,Office Supplies,Storage,Fellowes Super Stor/Drawer,249.75,December,Monday
1222,CA-2015-110184,2015-12-07,,Standard Class,BF-11170,Ben Ferrer,Home Office,United States,Los Angeles,California,West,TEC-PH-10000439,Technology,Phones,GE DSL Phone Line Filter,255.936,December,Monday
1246,CA-2015-168494,2015-12-12,,Second Class,NP-18700,Nora Preis,Consumer,United States,Fresno,California,West,FUR-TA-10004619,Furniture,Tables,Hon Non-Folding Utility Tables,764.688,December,Saturday
1247,CA-2015-168494,2015-12-12,,Second Class,NP-18700,Nora Preis,Consumer,United States,Fresno,California,West,FUR-TA-10003473,Furniture,Tables,Bretford Rectangular Conference Table Tops,3610.848,December,Saturday
1248,CA-2015-168494,2015-12-12,,Second Class,NP-18700,Nora Preis,Consumer,United States,Fresno,California,West,FUR-BO-10004467,Furniture,Bookcases,Bestar Classic Bookcase,254.9745,December,Saturday
1440,CA-2018-122735,2018-12-04,,Second Class,BD-11320,Bill Donatelli,Consumer,United States,Providence,Rhode Island,East,OFF-BI-10004364,Office Supplies,Binders,Storex Dura Pro Binders,29.7,December,Tuesday
1441,CA-2018-122735,2018-12-04,,Second Class,BD-11320,Bill Donatelli,Consumer,United States,Providence,Rhode Island,East,OFF-PA-10001712,Office Supplies,Paper,Xerox 1948,39.96,December,Tuesday
1456,CA-2018-148474,2018-12-06,,Standard Class,ME-17320,Maria Etezadi,Home Office,United States,Columbus,Georgia,South,OFF-BI-10000977,Office Supplies,Binders,Ibico Plastic Spiral Binding Combs,91.2,December,Thursday
1457,CA-2018-148474,2018-12-06,,Standard Class,ME-17320,Maria Etezadi,Home Office,United States,Columbus,Georgia,South,FUR-TA-10002530,Furniture,Tables,"Iceberg OfficeWorks 42"" Round Tables",452.94,December,Thursday
1500,CA-2018-130386,2018-12-11,,Standard Class,NG-18430,Nathan Gelder,Consumer,United States,Austin,Texas,Central,OFF-PA-10002749,Office Supplies,Paper,"Wirebound Message Books, 5-1/2 x 4 Forms, 2 or 4 Forms per Page",16.056,December,Tuesday
1501,CA-2018-130386,2018-12-11,,Standard Class,NG-18430,Nathan Gelder,Consumer,United States,Austin,Texas,Central,OFF-PA-10003823,Office Supplies,Paper,Xerox 197,223.056,December,Tuesday
1502,CA-2018-130386,2018-12-11,,Standard Class,NG-18430,Nathan Gelder,Consumer,United States,Austin,Texas,Central,OFF-ST-10003716,Office Supplies,Storage,Tennsco Double-Tier Lockers,540.048,December,Tuesday
1510,CA-2018-103611,2018-12-09,,First Class,JM-15535,Jessica Myrick,Consumer,United States,Los Angeles,California,West,FUR-FU-10004270,Furniture,Furnishings,"Eldon Image Series Desk Accessories, Burgundy",8.36,December,Sunday
1590,CA-2017-109911,2017-12-05,,Standard Class,VG-21805,Vivek Grady,Corporate,United States,Virginia Beach,Virginia,South,OFF-AR-10001662,Office Supplies,Art,Rogers Handheld Barrel Pencil Sharpener,10.96,December,Tuesday
1658,CA-2015-127159,2015-12-05,,First Class,HL-15040,Hunter Lopez,Consumer,United States,Milwaukee,Wisconsin,Central,FUR-FU-10000010,Furniture,Furnishings,"DAX Value U-Channel Document Frames, Easel Back",34.79,December,Saturday
1846,US-2018-158512,2018-12-01,,Second Class,DA-13450,Dianna Arnett,Home Office,United States,Washington,District of Columbia,East,OFF-PA-10001804,Office Supplies,Paper,Xerox 195,40.08,December,Saturday
1847,US-2018-158512,2018-12-01,,Second Class,DA-13450,Dianna Arnett,Home Office,United States,Washington,District of Columbia,East,FUR-FU-10004973,Furniture,Furnishings,Flat Face Poster Frame,37.68,December,Saturday
1857,US-2018-158218,2018-12-05,,Second Class,AC-10420,Alyssa Crouse,Corporate,United States,Houston,Texas,Central,OFF-ST-10000563,Office Supplies,Storage,Fellowes Bankers Box Stor/Drawer Steel Plus,127.92,December,Wednesday
1858,US-2018-158218,2018-12-05,,Second Class,AC-10420,Alyssa Crouse,Corporate,United States,Houston,Texas,Central,OFF-BI-10002133,Office Supplies,Binders,"Wilson Jones Elliptical Ring 3 1/2"" Capacity Binders, 800 sheets",34.24,December,Wednesday
1863,CA-2015-151078,2015-12-11,2015-12-11,Same Day,RF-19840,Roy Französisch,Consumer,United States,San Antonio,Texas,Central,OFF-ST-10001328,Office Supplies,Storage,"Personal Filing Tote with Lid, Black/Gray",49.632,December,Friday
1866,US-2018-116659,2018-12-11,2018-12-11,Same Day,NG-18355,Nat Gilpin,Corporate,United States,Newark,Ohio,East,TEC-PH-10002824,Technology,Phones,Jabra SPEAK 410 Multidevice Speakerphone,370.782,December,Tuesday
2077,CA-2018-140676,2018-12-09,,First Class,BF-11080,Bart Folk,Consumer,United States,Baltimore,Maryland,East,OFF-PA-10004082,Office Supplies,Paper,"Adams Telephone Message Book w/Frequently-Called Numbers Space, 400 Messages per Book",39.9,December,Sunday
2078,CA-2018-140676,2018-12-09,,First Class,BF-11080,Bart Folk,Consumer,United States,Baltimore,Maryland,East,OFF-AP-10000358,Office Supplies,Appliances,Fellowes Basic Home/Office Series Surge Protectors,90.86,December,Sunday
2079,CA-2018-140676,2018-12-09,,First Class,BF-11080,Bart Folk,Consumer,United States,Baltimore,Maryland,East,OFF-PA-10004243,Office Supplies,Paper,Xerox 1939,94.85,December,Sunday
2117,CA-2016-159786,2016-12-10,,Second Class,RK-19300,Ralph Kennedy,Consumer,United States,Rochester,New York,East,FUR-TA-10001307,Furniture,Tables,"SAFCO PlanMaster Heigh-Adjustable Drafting Table Base, 43w x 30d x 30-37h, Black",209.67,December,Saturday
2149,CA-2015-141607,2015-12-12,,Standard Class,WB-21850,William Brown,Consumer,United States,Concord,California,West,FUR-FU-10003975,Furniture,Furnishings,Eldon Advantage Chair Mats for Low to Medium Pile Carpets,43.31,December,Saturday
2267,CA-2018-149146,2018-12-10,2018-12-10,Same Day,SM-20320,Sean Miller,Home Office,United States,Monroe,North Carolina,South,OFF-PA-10003919,Office Supplies,Paper,Xerox 1989,7.968,December,Monday
2388,CA-2016-145065,2016-12-12,,First Class,DK-13375,Dennis Kane,Consumer,United States,San Diego,California,West,OFF-FA-10001229,Office Supplies,Fasteners,Staples,7.86,December,Monday
2389,CA-2016-145065,2016-12-12,,First Class,DK-13375,Dennis Kane,Consumer,United States,San Diego,California,West,OFF-BI-10002437,Office Supplies,Binders,Recycled Premium Regency Composition Covers,24.448,December,Monday
2413,CA-2015-151295,2015-12-11,,Standard Class,JA-15970,Joseph Airdo,Consumer,United States,Los Angeles,California,West,OFF-PA-10001947,Office Supplies,Paper,Xerox 1974,11.96,December,Friday
2414,CA-2015-151295,2015-12-11,,Standard Class,JA-15970,Joseph Airdo,Consumer,United States,Los Angeles,California,West,FUR-TA-10002356,Furniture,Tables,Bevis Boat-Shaped Conference Table,629.064,December,Friday
2417,CA-2018-168655,2018-12-10,,Standard Class,ML-18040,Michelle Lonsdale,Corporate,United States,Albuquerque,New Mexico,West,TEC-AC-10002842,Technology,Accessories,WD My Passport Ultra 2TB Portable External Hard Drive,595.0,December,Monday
2418,CA-2018-168655,2018-12-10,,Standard Class,ML-18040,Michelle Lonsdale,Corporate,United States,Albuquerque,New Mexico,West,OFF-BI-10002082,Office Supplies,Binders,GBC Twin Loop Wire Binding Elements,79.872,December,Monday
2573,CA-2017-155845,2017-12-08,,Second Class,CM-12235,Chris McAfee,Consumer,United States,Carrollton,Texas,Central,TEC-AC-10004145,Technology,Accessories,Logitech diNovo Edge Keyboard,1399.944,December,Friday
2638,CA-2018-108441,2018-12-06,,Standard Class,SB-20170,Sarah Bern,Consumer,United States,New York City,New York,East,OFF-PA-10000697,Office Supplies,Paper,"TOPS Voice Message Log Book, Flash Format",19.04,December,Thursday
2639,CA-2018-108441,2018-12-06,,Standard Class,SB-20170,Sarah Bern,Consumer,United States,New York City,New York,East,OFF-BI-10000848,Office Supplies,Binders,Angle-D Ring Binders,13.128,December,Thursday
2640,CA-2018-108441,2018-12-06,,Standard Class,SB-20170,Sarah Bern,Consumer,United States,New York City,New York,East,OFF-AR-10004691,Office Supplies,Art,Boston 1730 StandUp Electric Pencil Sharpener,64.14,December,Thursday
2641,CA-2018-108441,2018-12-06,,Standard Class,SB-20170,Sarah Bern,Consumer,United States,New York City,New York,East,FUR-CH-10000595,Furniture,Chairs,Safco Contoured Stacking Chairs,858.24,December,Thursday
2689,CA-2016-153220,2016-12-11,,First Class,YC-21895,Yoseph Carroll,Corporate,United States,Los Angeles,California,West,OFF-PA-10003016,Office Supplies,Paper,"Adams ""While You Were Out"" Message Pads",15.7,December,Sunday
2747,CA-2015-155887,2015-12-05,,Standard Class,KT-16480,Kean Thornton,Consumer,United States,Franklin,Massachusetts,East,FUR-TA-10002228,Furniture,Tables,"Bevis Traditional Conference Table Top, Plinth Base",700.056,December,Saturday
2762,CA-2018-126536,2018-12-10,,First Class,NK-18490,Neil Knudson,Home Office,United States,San Francisco,California,West,TEC-AC-10003709,Technology,Accessories,Maxell 4.7GB DVD-R 5/Pack,0.99,December,Monday
2763,CA-2018-126536,2018-12-10,,First Class,NK-18490,Neil Knudson,Home Office,United States,San Francisco,California,West,OFF-BI-10001191,Office Supplies,Binders,Canvas Sectional Post Binders,101.84,December,Monday
2794,CA-2015-154599,2015-12-04,,Standard Class,KN-16450,Kean Nguyen,Corporate,United States,Redondo Beach,California,West,TEC-PH-10001557,Technology,Phones,Pyle PMP37LED,1075.088,December,Friday
2795,CA-2015-154599,2015-12-04,,Standard Class,KN-16450,Kean Nguyen,Corporate,United States,Redondo Beach,California,West,TEC-PH-10000576,Technology,Phones,AT&T 1080 Corded phone,438.368,December,Friday
2796,CA-2015-154599,2015-12-04,,Standard Class,KN-16450,Kean Nguyen,Corporate,United States,Redondo Beach,California,West,OFF-BI-10002764,Office Supplies,Binders,Recycled Pressboard Report Cover with Reinforced Top Hinge,18.088,December,Friday
2797,CA-2015-154599,2015-12-04,,Standard Class,KN-16450,Kean Nguyen,Corporate,United States,Redondo Beach,California,West,FUR-BO-10001337,Furniture,Bookcases,O'Sullivan Living Dimensions 2-Shelf Bookcases,308.499,December,Friday
2804,CA-2016-159380,2016-12-05,,Standard Class,CS-12505,Cindy Stewart,Consumer,United States,San Francisco,California,West,OFF-PA-10003893,Office Supplies,Paper,Xerox 1962,12.84,December,Monday
2805,CA-2016-159380,2016-12-05,,Standard Class,CS-12505,Cindy Stewart,Consumer,United States,San Francisco,California,West,OFF-PA-10004239,Office Supplies,Paper,Xerox 1953,25.68,December,Monday
2863,CA-2018-106537,2018-12-08,,Standard Class,RH-19495,Rick Hansen,Consumer,United States,Orlando,Florida,South,OFF-PA-10000223,Office Supplies,Paper,Xerox 2000,20.736,December,Saturday
2870,CA-2018-143861,2018-12-06,,Standard Class,LC-16885,Lena Creighton,Consumer,United States,Saint Petersburg,Florida,South,FUR-FU-10001546,Furniture,Furnishings,Dana Swing-Arm Lamps,17.088,December,Thursday
2900,CA-2016-166464,2016-12-09,,Standard Class,PG-18895,Paul Gonzalez,Consumer,United States,New York City,New York,East,TEC-CO-10000971,Technology,Copiers,Hewlett Packard 310 Color Digital Copier,479.984,December,Friday
2901,CA-2016-166464,2016-12-09,,Standard Class,PG-18895,Paul Gonzalez,Consumer,United States,New York City,New York,East,OFF-LA-10001317,Office Supplies,Labels,Avery 520,12.6,December,Friday
2903,CA-2017-164035,2017-12-06,,Standard Class,CR-12730,Craig Reiter,Consumer,United States,Chicago,Illinois,Central,OFF-PA-10002160,Office Supplies,Paper,Xerox 1978,23.12,December,Wednesday
2915,CA-2016-134747,2016-12-10,,Second Class,DL-12925,Daniel Lacy,Consumer,United States,Noblesville,Indiana,Central,TEC-PH-10002890,Technology,Phones,AT&T 17929 Lendline Telephone,135.72,December,Saturday
2916,CA-2016-134747,2016-12-10,,Second Class,DL-12925,Daniel Lacy,Consumer,United States,Noblesville,Indiana,Central,OFF-BI-10001308,Office Supplies,Binders,GBC Standard Plastic Binding Systems' Combs,12.56,December,Saturday
2917,CA-2016-134747,2016-12-10,,Second Class,DL-12925,Daniel Lacy,Consumer,United States,Noblesville,Indiana,Central,TEC-PH-10001750,Technology,Phones,Samsung Rugby III,263.96,December,Saturday
2950,CA-2018-134915,2018-12-11,2018-12-11,Same Day,EM-14140,Eugene Moren,Home Office,United States,Glendale,Arizona,West,TEC-AC-10001266,Technology,Accessories,Memorex Micro Travel Drive 8 GB,41.6,December,Tuesday
2951,CA-2018-134915,2018-12-11,2018-12-11,Same Day,EM-14140,Eugene Moren,Home Office,United States,Glendale,Arizona,West,OFF-PA-10002160,Office Supplies,Paper,Xerox 1978,23.12,December,Tuesday
2952,CA-2018-134915,2018-12-11,2018-12-11,Same Day,EM-14140,Eugene Moren,Home Office,United States,Glendale,Arizona,West,FUR-CH-10004875,Furniture,Chairs,Harbour Creations 67200 Series Stacking Chairs,113.888,December,Tuesday
2953,CA-2018-134915,2018-12-11,2018-12-11,Same Day,EM-14140,Eugene Moren,Home Office,United States,Glendale,Arizona,West,FUR-FU-10000305,Furniture,Furnishings,"Tenex V2T-RE Standard Weight Series Chair Mat, 45"" x 53"", Lip 25"" x 12""",113.568,December,Tuesday
2954,CA-2018-134915,2018-12-11,2018-12-11,Same Day,EM-14140,Eugene Moren,Home Office,United States,Glendale,Arizona,West,TEC-PH-10000347,Technology,Phones,Cush Cases Heavy Duty Rugged Cover Case for Samsung Galaxy S5 - Purple,7.92,December,Tuesday
2955,CA-2018-134915,2018-12-11,2018-12-11,Same Day,EM-14140,Eugene Moren,Home Office,United States,Glendale,Arizona,West,TEC-PH-10001459,Technology,Phones,Samsung Galaxy Mega 6.3,671.984,December,Tuesday
2980,CA-2016-139850,2016-12-06,,Standard Class,GB-14575,Giulietta Baptist,Consumer,United States,Philadelphia,Pennsylvania,East,OFF-PA-10003848,Office Supplies,Paper,Xerox 1997,20.736,December,Tuesday
2981,CA-2016-139850,2016-12-06,,Standard Class,GB-14575,Giulietta Baptist,Consumer,United States,Philadelphia,Pennsylvania,East,FUR-FU-10003623,Furniture,Furnishings,"DataProducts Ampli Magnifier Task Lamp, Black,",43.296,December,Tuesday
2982,CA-2015-131310,2015-12-07,,Standard Class,CL-12565,Clay Ludtke,Consumer,United States,Seattle,Washington,West,FUR-CH-10001797,Furniture,Chairs,"Safco Chair Connectors, 6/Carton",123.136,December,Monday
2983,CA-2015-131310,2015-12-07,,Standard Class,CL-12565,Clay Ludtke,Consumer,United States,Seattle,Washington,West,OFF-BI-10003094,Office Supplies,Binders,Self-Adhesive Ring Binder Labels,11.264,December,Monday
3135,CA-2018-164168,2018-12-11,,Standard Class,LS-16975,Lindsay Shagiari,Home Office,United States,Dallas,Texas,Central,OFF-BI-10000666,Office Supplies,Binders,Surelock Post Binders,30.56,December,Tuesday
3136,CA-2018-164168,2018-12-11,,Standard Class,LS-16975,Lindsay Shagiari,Home Office,United States,Dallas,Texas,Central,OFF-ST-10002583,Office Supplies,Storage,Fellowes Neat Ideas Storage Cubes,77.952,December,Tuesday
3137,CA-2018-164168,2018-12-11,,Standard Class,LS-16975,Lindsay Shagiari,Home Office,United States,Dallas,Texas,Central,TEC-PH-10004908,Technology,Phones,Panasonic KX TS3282W Corded phone,67.992,December,Tuesday
3138,CA-2018-164168,2018-12-11,,Standard Class,LS-16975,Lindsay Shagiari,Home Office,United States,Dallas,Texas,Central,OFF-EN-10001219,Office Supplies,Envelopes,"#10- 4 1/8"" x 9 1/2"" Security-Tint Envelopes",12.224,December,Tuesday
3139,CA-2018-164168,2018-12-11,,Standard Class,LS-16975,Lindsay Shagiari,Home Office,United States,Dallas,Texas,Central,TEC-AC-10004568,Technology,Accessories,Maxell LTO Ultrium - 800 GB,44.784,December,Tuesday
3140,CA-2018-164168,2018-12-11,,Standard Class,LS-16975,Lindsay Shagiari,Home Office,United States,Dallas,Texas,Central,FUR-FU-10001756,Furniture,Furnishings,"Eldon Expressions Desk Accessory, Wood Photo Frame, Mahogany",22.848,December,Tuesday
3142,US-2015-122959,2015-12-12,2015-12-12,Same Day,CY-12745,Craig Yedwab,Corporate,United States,San Antonio,Texas,Central,OFF-BI-10003650,Office Supplies,Binders,GBC DocuBind 300 Electric Binding Machine,210.392,December,Saturday
3161,US-2015-150924,2015-12-09,,Second Class,PT-19090,Pete Takahito,Consumer,United States,Houston,Texas,Central,OFF-BI-10004040,Office Supplies,Binders,Wilson Jones Impact Binders,5.18,December,Wednesday
3188,CA-2018-159352,2018-12-03,,Standard Class,KB-16585,Ken Black,Corporate,United States,Lowell,Massachusetts,East,TEC-PH-10004700,Technology,Phones,PowerGen Dual USB Car Charger,69.93,December,Monday
3285,CA-2015-103702,2015-12-09,,Standard Class,AF-10885,Art Foster,Consumer,United States,Fairfield,Ohio,East,OFF-BI-10002429,Office Supplies,Binders,"Premier Elliptical Ring Binder, Black",63.924,December,Wednesday
3446,CA-2016-131779,2016-12-06,,Standard Class,LE-16810,Laurel Elliston,Consumer,United States,Newark,Delaware,East,OFF-ST-10001505,Office Supplies,Storage,"Perma STOR-ALL Hanging File Box, 13 1/8""W x 12 1/4""D x 10 1/2""H",29.9,December,Tuesday
3472,CA-2018-122644,2018-12-11,,Standard Class,SF-20965,Sylvia Foulston,Corporate,United States,Columbus,Ohio,East,OFF-PA-10003673,Office Supplies,Paper,Strathmore Photo Mount Cards,10.848,December,Tuesday
3473,CA-2018-122644,2018-12-11,,Standard Class,SF-20965,Sylvia Foulston,Corporate,United States,Columbus,Ohio,East,TEC-AC-10003614,Technology,Accessories,"Verbatim 25 GB 6x Blu-ray Single Layer Recordable Disc, 10/Pack",18.544,December,Tuesday
3607,CA-2017-119683,2017-12-03,,Second Class,CK-12595,Clytie Kelty,Consumer,United States,New York City,New York,East,OFF-EN-10001099,Office Supplies,Envelopes,Staple envelope,29.34,December,Sunday
3658,CA-2016-128083,2016-12-03,,Standard Class,EB-13750,Edward Becker,Corporate,United States,Plantation,Florida,South,OFF-EN-10004030,Office Supplies,Envelopes,Convenience Packs of Business Envelopes,8.688,December,Saturday
3659,CA-2016-128083,2016-12-03,,Standard Class,EB-13750,Edward Becker,Corporate,United States,Plantation,Florida,South,FUR-FU-10003194,Furniture,Furnishings,"Eldon Expressions Desk Accessory, Wood Pencil Holder, Oak",30.88,December,Saturday
3660,CA-2016-128083,2016-12-03,,Standard Class,EB-13750,Edward Becker,Corporate,United States,Plantation,Florida,South,FUR-FU-10001731,Furniture,Furnishings,Acrylic Self-Standing Desk Frames,6.408,December,Saturday
3762,CA-2018-104577,2018-12-05,,Standard Class,CK-12205,Chloris Kastensmidt,Consumer,United States,Everett,Massachusetts,East,OFF-PA-10000659,Office Supplies,Paper,"TOPS Carbonless Receipt Book, Four 2-3/4 x 7-1/4 Money Receipts per Page",87.6,December,Wednesday
3772,US-2017-101196,2017-12-05,,Standard Class,FM-14215,Filia McAdams,Corporate,United States,Philadelphia,Pennsylvania,East,OFF-ST-10004804,Office Supplies,Storage,"Belkin 19"" Vented Equipment Shelf, Black",82.368,December,Tuesday
3807,CA-2016-113628,2016-12-11,,Standard Class,AH-10690,Anna Häberlin,Corporate,United States,Plantation,Florida,South,OFF-AR-10001246,Office Supplies,Art,Newell 317,11.76,December,Sunday
3808,CA-2016-113628,2016-12-11,,Standard Class,AH-10690,Anna Häberlin,Corporate,United States,Plantation,Florida,South,OFF-BI-10003291,Office Supplies,Binders,Wilson Jones Leather-Like Binders with DublLock Round Rings,5.238,December,Sunday
3809,CA-2016-113628,2016-12-11,,Standard Class,AH-10690,Anna Häberlin,Corporate,United States,Plantation,Florida,South,OFF-BI-10002799,Office Supplies,Binders,"SlimView Poly Binder, 3/8""",4.662,December,Sunday
3810,CA-2016-113628,2016-12-11,,Standard Class,AH-10690,Anna Häberlin,Corporate,United States,Plantation,Florida,South,FUR-CH-10003298,Furniture,Chairs,"Office Star - Contemporary Task Swivel chair with Loop Arms, Charcoal",523.92,December,Sunday
3811,CA-2016-113628,2016-12-11,,Standard Class,AH-10690,Anna Häberlin,Corporate,United States,Plantation,Florida,South,TEC-PH-10000441,Technology,Phones,VTech DS6151,100.792,December,Sunday
3812,CA-2016-113628,2016-12-11,,Standard Class,AH-10690,Anna Häberlin,Corporate,United States,Plantation,Florida,South,FUR-CH-10004477,Furniture,Chairs,"Global Push Button Manager's Chair, Indigo",146.136,December,Sunday
3966,CA-2015-164910,2015-12-11,,Second Class,DM-13345,Denise Monton,Corporate,United States,Asheville,North Carolina,South,OFF-AR-10003651,Office Supplies,Art,Newell 350,7.872,December,Friday
4035,US-2017-108777,2017-12-12,2017-12-12,Same Day,JM-15655,Jim Mitchum,Corporate,United States,Lorain,Ohio,East,OFF-BI-10003982,Office Supplies,Binders,Wilson Jones Century Plastic Molded Ring Binders,18.693,December,Tuesday
4036,US-2017-108777,2017-12-12,2017-12-12,Same Day,JM-15655,Jim Mitchum,Corporate,United States,Lorain,Ohio,East,TEC-AC-10002567,Technology,Accessories,Logitech G602 Wireless Gaming Mouse,383.952,December,Tuesday
4544,CA-2016-126557,2016-12-07,,Second Class,RL-19615,Rob Lucas,Consumer,United States,Chicago,Illinois,Central,FUR-CH-10004477,Furniture,Chairs,"Global Push Button Manager's Chair, Indigo",383.607,December,Wednesday
4545,CA-2016-126557,2016-12-07,,Second Class,RL-19615,Rob Lucas,Consumer,United States,Chicago,Illinois,Central,TEC-PH-10003505,Technology,Phones,Geemarc AmpliPOWER60,148.48,December,Wednesday
4546,CA-2016-126557,2016-12-07,,Second Class,RL-19615,Rob Lucas,Consumer,United States,Chicago,Illinois,Central,TEC-PH-10000526,Technology,Phones,Vtech CS6719,537.544,December,Wednesday
4547,CA-2016-126557,2016-12-07,,Second Class,RL-19615,Rob Lucas,Consumer,United States,Chicago,Illinois,Central,OFF-BI-10003314,Office Supplies,Binders,Tuff Stuff Recycled Round Ring Binders,1.928,December,Wednesday
4548,CA-2016-126557,2016-12-07,,Second Class,RL-19615,Rob Lucas,Consumer,United States,Chicago,Illinois,Central,OFF-AR-10003190,Office Supplies,Art,Newell 32,6.912,December,Wednesday
4549,CA-2016-126557,2016-12-07,,Second Class,RL-19615,Rob Lucas,Consumer,United States,Chicago,Illinois,Central,FUR-FU-10001861,Furniture,Furnishings,"Floodlight Indoor Halogen Bulbs, 1 Bulb per Pack, 60 Watts",7.76,December,Wednesday
4550,CA-2016-126557,2016-12-07,,Second Class,RL-19615,Rob Lucas,Consumer,United States,Chicago,Illinois,Central,TEC-PH-10003963,Technology,Phones,GE 2-Jack Phone Line Splitter,659.168,December,Wednesday
4574,CA-2017-139395,2017-12-12,,Standard Class,MG-17650,Matthew Grinstein,Home Office,United States,Jackson,Michigan,Central,TEC-PH-10002103,Technology,Phones,Jabra SPEAK 410,657.93,December,Tuesday
4575,CA-2017-139395,2017-12-12,,Standard Class,MG-17650,Matthew Grinstein,Home Office,United States,Jackson,Michigan,Central,FUR-FU-10003724,Furniture,Furnishings,Westinghouse Clip-On Gooseneck Lamps,33.48,December,Tuesday
4576,CA-2017-139395,2017-12-12,,Standard Class,MG-17650,Matthew Grinstein,Home Office,United States,Jackson,Michigan,Central,OFF-AR-10003732,Office Supplies,Art,Newell 333,13.9,December,Tuesday
4577,CA-2017-139395,2017-12-12,,Standard Class,MG-17650,Matthew Grinstein,Home Office,United States,Jackson,Michigan,Central,OFF-ST-10000885,Office Supplies,Storage,Fellowes Desktop Hanging File Manager,26.86,December,Tuesday
4636,CA-2018-116288,2018-12-03,,Standard Class,BS-11380,Bill Stewart,Corporate,United States,San Francisco,California,West,OFF-ST-10000736,Office Supplies,Storage,Carina Double Wide Media Storage Towers in Natural & Black,242.94,December,Monday
4646,CA-2017-143910,2017-12-08,,Standard Class,BC-11125,Becky Castell,Home Office,United States,New York City,New York,East,FUR-CH-10000225,Furniture,Chairs,"Global Geo Office Task Chair, Gray",145.764,December,Friday
4716,US-2016-122910,2016-12-05,,Standard Class,LT-16765,Larry Tron,Consumer,United States,Louisville,Colorado,West,TEC-PH-10000441,Technology,Phones,VTech DS6151,201.584,December,Monday
4718,CA-2016-129042,2016-12-12,,Standard Class,EM-13960,Eric Murdock,Consumer,United States,Baltimore,Maryland,East,OFF-AR-10001662,Office Supplies,Art,Rogers Handheld Barrel Pencil Sharpener,8.22,December,Monday
4741,CA-2018-164364,2018-12-11,,Standard Class,CS-12355,Christine Sundaresam,Consumer,United States,Seattle,Washington,West,OFF-LA-10004853,Office Supplies,Labels,Avery 483,9.96,December,Tuesday
4742,CA-2018-164364,2018-12-11,,Standard Class,CS-12355,Christine Sundaresam,Consumer,United States,Seattle,Washington,West,OFF-AR-10000315,Office Supplies,Art,"Dixon Ticonderoga Maple Cedar Pencil, #2",9.21,December,Tuesday
4743,CA-2018-164364,2018-12-11,,Standard Class,CS-12355,Christine Sundaresam,Consumer,United States,Seattle,Washington,West,OFF-SU-10000381,Office Supplies,Supplies,Acme Forged Steel Scissors with Black Enamel Handles,27.93,December,Tuesday
4754,US-2016-167220,2016-12-12,,Standard Class,JB-15925,Joni Blumstein,Consumer,United States,Austin,Texas,Central,TEC-AC-10002018,Technology,Accessories,AmazonBasics 3-Button USB Wired Mouse,22.368,December,Monday
4827,US-2018-136707,2018-12-11,,First Class,JE-15610,Jim Epp,Corporate,United States,Los Angeles,California,West,OFF-BI-10003460,Office Supplies,Binders,Acco 3-Hole Punch,14.016,December,Tuesday
4854,CA-2015-113320,2015-12-12,,Second Class,LH-17155,Logan Haushalter,Consumer,United States,Oakland,California,West,FUR-FU-10004270,Furniture,Furnishings,"Eldon Image Series Desk Accessories, Burgundy",12.54,December,Saturday
4855,CA-2015-113320,2015-12-12,,Second Class,LH-17155,Logan Haushalter,Consumer,United States,Oakland,California,West,OFF-ST-10000617,Office Supplies,Storage,Woodgrain Magazine Files by Perma,8.94,December,Saturday
4856,CA-2015-113320,2015-12-12,,Second Class,LH-17155,Logan Haushalter,Consumer,United States,Oakland,California,West,FUR-FU-10001706,Furniture,Furnishings,Longer-Life Soft White Bulbs,9.24,December,Saturday
5182,CA-2018-108749,2018-12-09,,First Class,DJ-13510,Don Jones,Corporate,United States,Woonsocket,Rhode Island,East,OFF-PA-10003797,Office Supplies,Paper,Xerox 209,45.36,December,Sunday
5183,CA-2018-108749,2018-12-09,,First Class,DJ-13510,Don Jones,Corporate,United States,Woonsocket,Rhode Island,East,OFF-BI-10003707,Office Supplies,Binders,Aluminum Screw Posts,45.78,December,Sunday
5205,CA-2016-102016,2016-12-09,,Standard Class,TM-21010,Tamara Manning,Consumer,United States,Auburn,New York,East,OFF-AR-10004685,Office Supplies,Art,"Binney & Smith Crayola Metallic Colored Pencils, 8-Color Set",9.26,December,Friday
5206,CA-2016-102016,2016-12-09,,Standard Class,TM-21010,Tamara Manning,Consumer,United States,Auburn,New York,East,OFF-ST-10001713,Office Supplies,Storage,"Gould Plastics 9-Pocket Panel Bin, 18-3/8w x 5-1/4d x 20-1/2h, Black",105.98,December,Friday
5207,CA-2016-102016,2016-12-09,,Standard Class,TM-21010,Tamara Manning,Consumer,United States,Auburn,New York,East,OFF-FA-10000490,Office Supplies,Fasteners,"OIC Binder Clips, Mini, 1/4"" Capacity, Black",1.24,December,Friday
5208,CA-2016-102016,2016-12-09,,Standard Class,TM-21010,Tamara Manning,Consumer,United States,Auburn,New York,East,OFF-LA-10002043,Office Supplies,Labels,Avery 489,20.7,December,Friday
5209,CA-2016-102016,2016-12-09,,Standard Class,TM-21010,Tamara Manning,Consumer,United States,Auburn,New York,East,OFF-PA-10002464,Office Supplies,Paper,HP Office Recycled Paper (20Lb. and 87 Bright),28.9,December,Friday
5210,CA-2016-102016,2016-12-09,,Standard Class,TM-21010,Tamara Manning,Consumer,United States,Auburn,New York,East,OFF-EN-10002504,Office Supplies,Envelopes,"Tyvek  Top-Opening Peel & Seel Envelopes, Plain White",27.18,December,Friday
5211,CA-2016-156755,2016-12-01,,Standard Class,YS-21880,Yana Sorensen,Corporate,United States,Newark,Delaware,East,OFF-ST-10002615,Office Supplies,Storage,"Dual Level, Single-Width Filing Carts",465.18,December,Thursday
5212,CA-2016-130876,2016-12-05,,Second Class,AZ-10750,Annie Zypern,Consumer,United States,New York City,New York,East,OFF-ST-10004258,Office Supplies,Storage,Portable Personal File Box,36.63,December,Monday
5225,US-2018-109582,2018-12-09,,Second Class,JM-15865,John Murray,Consumer,United States,Los Angeles,California,West,OFF-PA-10004071,Office Supplies,Paper,"Eaton Premium Continuous-Feed Paper, 25% Cotton, Letter Size, White, 1000 Shts/Box",166.44,December,Sunday
5251,US-2017-169369,2017-12-12,,Standard Class,EC-14050,Erin Creighton,Consumer,United States,Columbus,Georgia,South,TEC-AC-10001314,Technology,Accessories,Case Logic 2.4GHz Wireless Keyboard,249.95,December,Tuesday
5252,US-2017-169369,2017-12-12,,Standard Class,EC-14050,Erin Creighton,Consumer,United States,Columbus,Georgia,South,OFF-PA-10004438,Office Supplies,Paper,Xerox 1907,49.12,December,Tuesday
5387,CA-2018-152786,2018-12-03,,Standard Class,GA-14725,Guy Armstrong,Consumer,United States,Rogers,Arkansas,South,OFF-BI-10000829,Office Supplies,Binders,Avery Non-Stick Binders,40.41,December,Monday
5449,US-2015-119081,2015-12-09,,Standard Class,TA-21385,Tom Ashbrook,Home Office,United States,Olathe,Kansas,Central,OFF-SU-10000157,Office Supplies,Supplies,Compact Automatic Electric Letter Opener,357.93,December,Wednesday
5450,US-2015-119081,2015-12-09,,Standard Class,TA-21385,Tom Ashbrook,Home Office,United States,Olathe,Kansas,Central,TEC-AC-10001542,Technology,Accessories,SanDisk Cruzer 16 GB USB Flash Drive,57.4,December,Wednesday
5451,US-2015-119081,2015-12-09,,Standard Class,TA-21385,Tom Ashbrook,Home Office,United States,Olathe,Kansas,Central,OFF-BI-10004519,Office Supplies,Binders,GBC DocuBind P100 Manual Binding Machine,331.96,December,Wednesday
5452,US-2015-119081,2015-12-09,,Standard Class,TA-21385,Tom Ashbrook,Home Office,United States,Olathe,Kansas,Central,FUR-FU-10003464,Furniture,Furnishings,"Seth Thomas 8 1/2"" Cubicle Clock",40.56,December,Wednesday
5486,CA-2015-107573,2015-12-12,,Standard Class,PB-19150,Philip Brown,Consumer,United States,Miami,Florida,South,OFF-EN-10001099,Office Supplies,Envelopes,Staple envelope,23.472,December,Saturday
5497,CA-2018-117821,2018-12-06,,Standard Class,HG-15025,Hunter Glantz,Consumer,United States,Marion,Ohio,East,TEC-AC-10004469,Technology,Accessories,Microsoft Sculpt Comfort Mouse,63.92,December,Thursday
5551,US-2015-159618,2015-12-11,,Standard Class,DB-12970,Darren Budd,Corporate,United States,Houston,Texas,Central,OFF-AR-10003183,Office Supplies,Art,Avery Fluorescent Highlighter Four-Color Set,2.672,December,Friday
5552,US-2015-159618,2015-12-11,,Standard Class,DB-12970,Darren Budd,Corporate,United States,Houston,Texas,Central,OFF-SU-10000432,Office Supplies,Supplies,Acco Side-Punched Conventional Columnar Pads,16.656,December,Friday
5553,US-2015-159618,2015-12-11,,Standard Class,DB-12970,Darren Budd,Corporate,United States,Houston,Texas,Central,TEC-AC-10003832,Technology,Accessories,Imation 16GB Mini TravelDrive USB 2.0 Flash Drive,79.512,December,Friday
5554,US-2015-159618,2015-12-11,,Standard Class,DB-12970,Darren Budd,Corporate,United States,Houston,Texas,Central,OFF-PA-10004100,Office Supplies,Paper,Xerox 216,36.288,December,Friday
5555,US-2015-159618,2015-12-11,,Standard Class,DB-12970,Darren Budd,Corporate,United States,Houston,Texas,Central,FUR-BO-10004467,Furniture,Bookcases,Bestar Classic Bookcase,67.9932,December,Friday
5577,CA-2017-136686,2017-12-12,,Standard Class,RF-19840,Roy Französisch,Consumer,United States,Pasadena,California,West,FUR-FU-10004864,Furniture,Furnishings,"Howard Miller 14-1/2"" Diameter Chrome Round Wall Clock",383.64,December,Tuesday
5578,CA-2017-136686,2017-12-12,,Standard Class,RF-19840,Roy Französisch,Consumer,United States,Pasadena,California,West,OFF-AP-10002350,Office Supplies,Appliances,Belkin F9H710-06 7 Outlet SurgeMaster Surge Protector,56.52,December,Tuesday
5762,CA-2018-158169,2018-12-08,,First Class,JM-16195,Justin MacKendrick,Consumer,United States,Lake Forest,California,West,OFF-AP-10000828,Office Supplies,Appliances,Avanti 4.4 Cu. Ft. Refrigerator,542.94,December,Saturday
5763,CA-2018-158169,2018-12-08,,First Class,JM-16195,Justin MacKendrick,Consumer,United States,Lake Forest,California,West,FUR-FU-10001473,Furniture,Furnishings,DAX Wood Document Frame,54.92,December,Saturday
5775,CA-2017-142398,2017-12-04,,Standard Class,BP-11290,Beth Paige,Consumer,United States,Los Angeles,California,West,FUR-CH-10001545,Furniture,Chairs,Hon Comfortask Task/Swivel Chairs,638.288,December,Monday
5776,CA-2017-142398,2017-12-04,,Standard Class,BP-11290,Beth Paige,Consumer,United States,Los Angeles,California,West,OFF-BI-10004826,Office Supplies,Binders,JM Magazine Binder,13.208,December,Monday
5782,CA-2016-155586,2016-12-12,,Second Class,XP-21865,Xylona Preis,Consumer,United States,Chico,California,West,OFF-AR-10001547,Office Supplies,Art,Newell 311,2.21,December,Monday
5783,CA-2016-155586,2016-12-12,,Second Class,XP-21865,Xylona Preis,Consumer,United States,Chico,California,West,OFF-EN-10003072,Office Supplies,Envelopes,Peel & Seel Envelopes,15.52,December,Monday
5784,CA-2016-155586,2016-12-12,,Second Class,XP-21865,Xylona Preis,Consumer,United States,Chico,California,West,OFF-PA-10000726,Office Supplies,Paper,"Black Print Carbonless Snap-Off Rapid Letter, 8 1/2"" x 7""",36.44,December,Monday
5804,US-2018-106796,2018-12-05,,Standard Class,JP-16135,Julie Prescott,Home Office,United States,Springfield,Ohio,East,OFF-AR-10003504,Office Supplies,Art,Newell 347,10.272,December,Wednesday
5821,CA-2018-117632,2018-12-05,,Standard Class,CS-12175,Charles Sheldon,Corporate,United States,San Francisco,California,West,OFF-SU-10000157,Office Supplies,Supplies,Compact Automatic Electric Letter Opener,238.62,December,Wednesday
5822,CA-2018-117632,2018-12-05,,Standard Class,CS-12175,Charles Sheldon,Corporate,United States,San Francisco,California,West,OFF-AP-10004868,Office Supplies,Appliances,Hoover Commercial Soft Guard Upright Vacuum And Disposable Filtration Bags,7.77,December,Wednesday
5823,CA-2018-117632,2018-12-05,,Standard Class,CS-12175,Charles Sheldon,Corporate,United States,San Francisco,California,West,FUR-TA-10001520,Furniture,Tables,"Lesro Sheffield Collection Coffee Table, End Table, Center Table, Corner Table",285.48,December,Wednesday
5824,CA-2018-117632,2018-12-05,,Standard Class,CS-12175,Charles Sheldon,Corporate,United States,San Francisco,California,West,OFF-BI-10001900,Office Supplies,Binders,"DXL Angle-View Binders with Locking Rings, Black",19.168,December,Wednesday
5900,CA-2018-108000,2018-12-01,,Standard Class,LS-16945,Linda Southworth,Corporate,United States,San Francisco,California,West,OFF-EN-10002621,Office Supplies,Envelopes,Staple envelope,9.78,December,Saturday
5941,CA-2018-112431,2018-12-10,,Second Class,RW-19690,Robert Waldorf,Consumer,United States,Los Angeles,California,West,TEC-AC-10001465,Technology,Accessories,SanDisk Cruzer 64 GB USB Flash Drive,435.84,December,Monday
5942,CA-2018-112431,2018-12-10,,Second Class,RW-19690,Robert Waldorf,Consumer,United States,Los Angeles,California,West,OFF-AR-10000940,Office Supplies,Art,Newell 343,5.88,December,Monday
5957,CA-2017-127138,2017-12-03,,Second Class,DK-13225,Dean Katz,Corporate,United States,San Francisco,California,West,OFF-ST-10002756,Office Supplies,Storage,"Tennsco Stur-D-Stor Boltless Shelving, 5 Shelves, 24"" Deep, Sand",676.55,December,Sunday
5958,CA-2017-127138,2017-12-03,,Second Class,DK-13225,Dean Katz,Corporate,United States,San Francisco,California,West,OFF-AP-10003842,Office Supplies,Appliances,Euro-Pro Shark Turbo Vacuum,154.9,December,Sunday
5959,CA-2017-127138,2017-12-03,,Second Class,DK-13225,Dean Katz,Corporate,United States,San Francisco,California,West,OFF-EN-10004459,Office Supplies,Envelopes,Security-Tint Envelopes,30.56,December,Sunday
5960,CA-2017-127138,2017-12-03,,Second Class,DK-13225,Dean Katz,Corporate,United States,San Francisco,California,West,FUR-CH-10003746,Furniture,Chairs,Hon 4070 Series Pagoda Round Back Stacking Chairs,770.352,December,Sunday
6111,CA-2017-124590,2017-12-11,,Standard Class,SP-20920,Susan Pistek,Consumer,United States,Parma,Ohio,East,FUR-CH-10004495,Furniture,Chairs,"Global Leather and Oak Executive Chair, Black",1474.802,December,Monday
6112,CA-2017-124590,2017-12-11,,Standard Class,SP-20920,Susan Pistek,Consumer,United States,Parma,Ohio,East,OFF-AP-10002311,Office Supplies,Appliances,"Holmes Replacement Filter for HEPA Air Cleaner, Very Large Room, HEPA Filter",110.096,December,Monday
6113,CA-2017-124590,2017-12-11,,Standard Class,SP-20920,Susan Pistek,Consumer,United States,Parma,Ohio,East,OFF-FA-10000585,Office Supplies,Fasteners,OIC Bulk Pack Metal Binder Clips,16.752,December,Monday
6114,CA-2017-124590,2017-12-11,,Standard Class,SP-20920,Susan Pistek,Consumer,United States,Parma,Ohio,East,FUR-CH-10000454,Furniture,Chairs,"Hon Deluxe Fabric Upholstered Stacking Chairs, Rounded Back",1537.074,December,Monday
6115,CA-2017-124590,2017-12-11,,Standard Class,SP-20920,Susan Pistek,Consumer,United States,Parma,Ohio,East,FUR-CH-10003746,Furniture,Chairs,Hon 4070 Series Pagoda Round Back Stacking Chairs,449.372,December,Monday
6213,CA-2018-149944,2018-12-11,,Second Class,MB-17305,Maria Bertelson,Consumer,United States,Longview,Washington,West,OFF-FA-10003495,Office Supplies,Fasteners,Staples,18.24,December,Tuesday
6214,CA-2018-149944,2018-12-11,,Second Class,MB-17305,Maria Bertelson,Consumer,United States,Longview,Washington,West,OFF-AP-10004708,Office Supplies,Appliances,Fellowes Superior 10 Outlet Split Surge Protector,76.12,December,Tuesday
6239,CA-2016-134075,2016-12-12,,Standard Class,HA-14905,Helen Abelman,Consumer,United States,San Jose,California,West,FUR-FU-10004597,Furniture,Furnishings,Eldon Cleatmat Chair Mats for Medium Pile Carpets,166.5,December,Monday
6240,CA-2016-134075,2016-12-12,,Standard Class,HA-14905,Helen Abelman,Consumer,United States,San Jose,California,West,OFF-ST-10001496,Office Supplies,Storage,Standard Rollaway File with Lock,360.38,December,Monday
6261,CA-2016-162607,2016-12-05,,Standard Class,RO-19780,Rose O'Brian,Consumer,United States,Seattle,Washington,West,OFF-BI-10002949,Office Supplies,Binders,Prestige Round Ring Binders,14.592,December,Monday
6281,CA-2018-152226,2018-12-05,,Standard Class,JH-15910,Jonathan Howell,Consumer,United States,Cincinnati,Ohio,East,OFF-LA-10000443,Office Supplies,Labels,Avery 501,5.904,December,Wednesday
6667,CA-2018-122175,2018-12-05,,Second Class,CA-12775,Cynthia Arntzen,Consumer,United States,Vineland,New Jersey,East,FUR-FU-10000719,Furniture,Furnishings,"DAX Cubicle Frames, 8-1/2 x 11",42.85,December,Wednesday
6668,CA-2018-122175,2018-12-05,,Second Class,CA-12775,Cynthia Arntzen,Consumer,United States,Vineland,New Jersey,East,OFF-LA-10002271,Office Supplies,Labels,Smead Alpha-Z Color-Coded Second Alphabetical Labels and Starter Set,6.16,December,Wednesday
6669,CA-2018-122175,2018-12-05,,Second Class,CA-12775,Cynthia Arntzen,Consumer,United States,Vineland,New Jersey,East,OFF-SU-10004661,Office Supplies,Supplies,Acme Titanium Bonded Scissors,17.0,December,Wednesday
6670,CA-2018-122175,2018-12-05,,Second Class,CA-12775,Cynthia Arntzen,Consumer,United States,Vineland,New Jersey,East,TEC-AC-10004859,Technology,Accessories,"Maxell Pro 80 Minute CD-R, 10/Pack",87.4,December,Wednesday
6725,CA-2017-128811,2017-12-09,,Standard Class,SF-20200,Sarah Foster,Consumer,United States,Seattle,Washington,West,OFF-FA-10000585,Office Supplies,Fasteners,OIC Bulk Pack Metal Binder Clips,10.47,December,Saturday
6726,CA-2017-128811,2017-12-09,,Standard Class,SF-20200,Sarah Foster,Consumer,United States,Seattle,Washington,West,OFF-LA-10003720,Office Supplies,Labels,Avery 487,11.07,December,Saturday
6727,CA-2017-128811,2017-12-09,,Standard Class,SF-20200,Sarah Foster,Consumer,United States,Seattle,Washington,West,OFF-BI-10000301,Office Supplies,Binders,GBC Instant Report Kit,20.704,December,Saturday
6769,CA-2015-109302,2015-12-08,,Standard Class,CS-12175,Charles Sheldon,Corporate,United States,Lakewood,New Jersey,East,OFF-BI-10002854,Office Supplies,Binders,"Performers Binder/Pad Holder, Black",196.21,December,Tuesday
6842,CA-2017-123946,2017-12-09,,Standard Class,AJ-10795,Anthony Johnson,Corporate,United States,Springfield,Virginia,South,TEC-AC-10004877,Technology,Accessories,Imation 30456 USB Flash Drive 8GB,20.7,December,Saturday
6843,CA-2017-123946,2017-12-09,,Standard Class,AJ-10795,Anthony Johnson,Corporate,United States,Springfield,Virginia,South,OFF-FA-10002975,Office Supplies,Fasteners,Staples,11.34,December,Saturday
6844,CA-2017-123946,2017-12-09,,Standard Class,AJ-10795,Anthony Johnson,Corporate,United States,Springfield,Virginia,South,OFF-ST-10000419,Office Supplies,Storage,"Rogers Jumbo File, Granite",67.9,December,Saturday
6845,CA-2017-123946,2017-12-09,,Standard Class,AJ-10795,Anthony Johnson,Corporate,United States,Springfield,Virginia,South,FUR-CH-10002073,Furniture,Chairs,Hon Olson Stacker Chairs,1059.12,December,Saturday
6914,CA-2016-104115,2016-12-06,,Standard Class,JH-15910,Jonathan Howell,Consumer,United States,West Palm Beach,Florida,South,TEC-PH-10002844,Technology,Phones,Speck Products Candyshell Flip Case,55.984,December,Tuesday
7077,CA-2017-167416,2017-12-05,,Standard Class,JM-15580,Jill Matthias,Consumer,United States,Seattle,Washington,West,OFF-EN-10001141,Office Supplies,Envelopes,"Manila Recycled Extra-Heavyweight Clasp Envelopes, 6"" x 9""",54.9,December,Tuesday
7148,CA-2017-139941,2017-12-06,,Standard Class,CB-12415,Christy Brittain,Consumer,United States,Long Beach,New York,East,OFF-PA-10000241,Office Supplies,Paper,"IBM Multi-Purpose Copy Paper, 8 1/2 x 11"", Case",92.94,December,Wednesday
7149,CA-2017-139941,2017-12-06,,Standard Class,CB-12415,Christy Brittain,Consumer,United States,Long Beach,New York,East,OFF-AP-10004036,Office Supplies,Appliances,Bionaire 99.97% HEPA Air Cleaner,52.56,December,Wednesday
7190,CA-2017-164399,2017-12-11,,First Class,DW-13480,Dianna Wilson,Home Office,United States,San Diego,California,West,TEC-PH-10004908,Technology,Phones,Panasonic KX TS3282W Corded phone,203.976,December,Monday
7191,CA-2017-164399,2017-12-11,,First Class,DW-13480,Dianna Wilson,Home Office,United States,San Diego,California,West,FUR-TA-10003392,Furniture,Tables,Global Adaptabilities Conference Tables,674.352,December,Monday
7194,CA-2017-110492,2017-12-02,,First Class,JS-15880,John Stevenson,Consumer,United States,Atlanta,Georgia,South,OFF-ST-10003716,Office Supplies,Storage,Tennsco Double-Tier Lockers,1350.12,December,Saturday
7195,CA-2017-110492,2017-12-02,,First Class,JS-15880,John Stevenson,Consumer,United States,Atlanta,Georgia,South,OFF-BI-10003274,Office Supplies,Binders,"Avery Durable Slant Ring Binders, No Labels",15.92,December,Saturday
7253,CA-2017-152457,2017-12-09,,Standard Class,SC-20695,Steve Chapman,Corporate,United States,Roseville,Michigan,Central,OFF-PA-10003790,Office Supplies,Paper,Xerox 1991,68.52,December,Saturday
7331,CA-2017-149349,2017-12-11,,First Class,SP-20650,Stephanie Phelps,Corporate,United States,Chicago,Illinois,Central,FUR-FU-10001037,Furniture,Furnishings,"DAX Charcoal/Nickel-Tone Document Frame, 5 x 7",22.752,December,Monday
7361,CA-2017-163594,2017-12-04,,First Class,JF-15295,Jason Fortune-,Consumer,United States,Los Angeles,California,West,OFF-PA-10000809,Office Supplies,Paper,Xerox 206,19.44,December,Monday
7362,CA-2017-163594,2017-12-04,,First Class,JF-15295,Jason Fortune-,Consumer,United States,Los Angeles,California,West,FUR-CH-10000225,Furniture,Chairs,"Global Geo Office Task Chair, Gray",194.352,December,Monday
7363,CA-2017-163594,2017-12-04,,First Class,JF-15295,Jason Fortune-,Consumer,United States,Los Angeles,California,West,OFF-BI-10003707,Office Supplies,Binders,Aluminum Screw Posts,36.624,December,Monday
7399,CA-2015-124807,2015-12-07,,Second Class,ME-17725,Max Engle,Consumer,United States,Chicago,Illinois,Central,OFF-PA-10001526,Office Supplies,Paper,Xerox 1949,35.856,December,Monday
7400,CA-2015-124807,2015-12-07,,Second Class,ME-17725,Max Engle,Consumer,United States,Chicago,Illinois,Central,TEC-AC-10002857,Technology,Accessories,"Verbatim 25 GB 6x Blu-ray Single Layer Recordable Disc, 1/Pack",23.84,December,Monday
7765,US-2018-118941,2018-12-08,2018-12-08,Same Day,BB-11545,Brenda Bowman,Corporate,United States,Columbia,Maryland,East,OFF-AR-10004078,Office Supplies,Art,Newell 312,17.52,December,Saturday
7766,US-2018-118941,2018-12-08,2018-12-08,Same Day,BB-11545,Brenda Bowman,Corporate,United States,Columbia,Maryland,East,FUR-CH-10002331,Furniture,Chairs,Hon 4700 Series Mobuis Mid-Back Task Chairs with Adjustable Arms,1779.9,December,Saturday
7767,US-2018-118941,2018-12-08,2018-12-08,Same Day,BB-11545,Brenda Bowman,Corporate,United States,Columbia,Maryland,East,OFF-AR-10001953,Office Supplies,Art,Boston 1645 Deluxe Heavier-Duty Electric Pencil Sharpener,219.9,December,Saturday
7769,CA-2018-154088,2018-12-11,,Standard Class,LB-16735,Larry Blacks,Consumer,United States,Tallahassee,Florida,South,OFF-PA-10003651,Office Supplies,Paper,Xerox 1968,26.72,December,Tuesday
7793,CA-2018-169362,2018-12-10,,First Class,SP-20860,Sung Pak,Corporate,United States,Dallas,Texas,Central,TEC-AC-10001383,Technology,Accessories,Logitech Wireless Touch Keyboard K400,39.984,December,Monday
7794,CA-2016-127481,2016-12-12,,Second Class,JD-15895,Jonathan Doherty,Corporate,United States,Las Vegas,Nevada,West,OFF-PA-10002036,Office Supplies,Paper,Xerox 1930,32.4,December,Monday
7795,CA-2016-127481,2016-12-12,,Second Class,JD-15895,Jonathan Doherty,Corporate,United States,Las Vegas,Nevada,West,OFF-PA-10002377,Office Supplies,Paper,Xerox 1916,97.88,December,Monday
7796,CA-2016-112711,2016-12-07,,Standard Class,FM-14380,Fred McMath,Consumer,United States,Amarillo,Texas,Central,TEC-PH-10000526,Technology,Phones,Vtech CS6719,307.168,December,Wednesday
7862,CA-2016-142993,2016-12-10,,Standard Class,KA-16525,Kelly Andreada,Consumer,United States,Seattle,Washington,West,TEC-AC-10003038,Technology,Accessories,Kingston Digital DataTraveler 16GB USB 2.0,17.9,December,Saturday
7863,CA-2016-142993,2016-12-10,,Standard Class,KA-16525,Kelly Andreada,Consumer,United States,Seattle,Washington,West,OFF-ST-10000934,Office Supplies,Storage,"Contico 72""H Heavy-Duty Storage System",81.96,December,Saturday
7878,CA-2016-148705,2016-12-03,,Standard Class,EB-14170,Evan Bailliet,Consumer,United States,Charlotte,North Carolina,South,OFF-LA-10001641,Office Supplies,Labels,Avery 518,5.04,December,Saturday
8002,CA-2016-110870,2016-12-12,,First Class,KD-16270,Karen Daniels,Consumer,United States,Los Angeles,California,West,TEC-AC-10002926,Technology,Accessories,Logitech Wireless Marathon Mouse M705,299.94,December,Monday
8003,CA-2016-110870,2016-12-12,,First Class,KD-16270,Karen Daniels,Consumer,United States,Los Angeles,California,West,OFF-SU-10001225,Office Supplies,Supplies,Staple remover,25.76,December,Monday
8137,CA-2017-118073,2017-12-08,,Standard Class,CS-12490,Cindy Schnelling,Corporate,United States,Lakeland,Florida,South,FUR-TA-10002533,Furniture,Tables,BPI Conference Tables,562.2925,December,Friday
8224,CA-2017-104633,2017-12-06,,Standard Class,EA-14035,Erin Ashbrook,Corporate,United States,Pasadena,California,West,OFF-PA-10000241,Office Supplies,Paper,"IBM Multi-Purpose Copy Paper, 8 1/2 x 11"", Case",185.88,December,Wednesday
8225,CA-2017-104633,2017-12-06,,Standard Class,EA-14035,Erin Ashbrook,Corporate,United States,Pasadena,California,West,OFF-PA-10004782,Office Supplies,Paper,Xerox 228,12.96,December,Wednesday
8244,CA-2015-109897,2015-12-08,,Standard Class,BW-11200,Ben Wallace,Consumer,United States,San Francisco,California,West,TEC-PH-10003691,Technology,Phones,BlackBerry Q10,806.336,December,Tuesday
8245,CA-2015-109897,2015-12-08,,Standard Class,BW-11200,Ben Wallace,Consumer,United States,San Francisco,California,West,FUR-FU-10002878,Furniture,Furnishings,"Seth Thomas 14"" Day/Date Wall Clock",85.44,December,Tuesday
8254,CA-2018-152310,2018-12-08,,Standard Class,DK-12895,Dana Kaydos,Consumer,United States,Seattle,Washington,West,TEC-CO-10000971,Technology,Copiers,Hewlett Packard 310 Color Digital Copier,299.99,December,Saturday
8255,CA-2018-152310,2018-12-08,,Standard Class,DK-12895,Dana Kaydos,Consumer,United States,Seattle,Washington,West,OFF-PA-10003134,Office Supplies,Paper,Xerox 1937,192.16,December,Saturday
8256,CA-2018-152310,2018-12-08,,Standard Class,DK-12895,Dana Kaydos,Consumer,United States,Seattle,Washington,West,TEC-PH-10002538,Technology,Phones,Grandstream GXP1160 VoIP phone,242.624,December,Saturday
8257,CA-2018-152310,2018-12-08,,Standard Class,DK-12895,Dana Kaydos,Consumer,United States,Seattle,Washington,West,OFF-ST-10001228,Office Supplies,Storage,Personal File Boxes with Fold-Down Carry Handle,46.74,December,Saturday
8258,CA-2018-152310,2018-12-08,,Standard Class,DK-12895,Dana Kaydos,Consumer,United States,Seattle,Washington,West,TEC-AC-10000397,Technology,Accessories,"Perixx PERIBOARD-512B, Ergonomic Split Keyboard",174.95,December,Saturday
8259,CA-2018-152310,2018-12-08,,Standard Class,DK-12895,Dana Kaydos,Consumer,United States,Seattle,Washington,West,OFF-BI-10004308,Office Supplies,Binders,Avery Legal 4-Ring Binder,100.704,December,Saturday
8287,CA-2015-156244,2015-12-08,,Standard Class,DH-13675,Duane Huffman,Home Office,United States,Miami,Florida,South,OFF-PA-10000295,Office Supplies,Paper,Xerox 229,31.104,December,Tuesday
8288,CA-2015-156244,2015-12-08,,Standard Class,DH-13675,Duane Huffman,Home Office,United States,Miami,Florida,South,OFF-AR-10004344,Office Supplies,Art,Bulldog Vacuum Base Pencil Sharpener,47.96,December,Tuesday
8289,CA-2015-156244,2015-12-08,,Standard Class,DH-13675,Duane Huffman,Home Office,United States,Miami,Florida,South,TEC-AC-10002473,Technology,Accessories,Maxell 4.7GB DVD-R,158.928,December,Tuesday
8290,CA-2015-156244,2015-12-08,,Standard Class,DH-13675,Duane Huffman,Home Office,United States,Miami,Florida,South,OFF-AP-10002403,Office Supplies,Appliances,Acco Smartsocket Color-Coded Six-Outlet AC Adapter Model Surge Protectors,211.248,December,Tuesday
8291,CA-2015-156244,2015-12-08,,Standard Class,DH-13675,Duane Huffman,Home Office,United States,Miami,Florida,South,OFF-SU-10000432,Office Supplies,Supplies,Acco Side-Punched Conventional Columnar Pads,5.552,December,Tuesday
8292,CA-2015-156244,2015-12-08,,Standard Class,DH-13675,Duane Huffman,Home Office,United States,Miami,Florida,South,OFF-LA-10000443,Office Supplies,Labels,Avery 501,2.952,December,Tuesday
8314,CA-2015-161508,2015-12-07,,Standard Class,PV-18985,Paul Van Hugh,Home Office,United States,League City,Texas,Central,FUR-CH-10002126,Furniture,Chairs,Hon Deluxe Fabric Upholstered Stacking Chairs,512.358,December,Monday
8315,CA-2015-161508,2015-12-07,,Standard Class,PV-18985,Paul Van Hugh,Home Office,United States,League City,Texas,Central,OFF-FA-10001561,Office Supplies,Fasteners,Stockwell Push Pins,3.488,December,Monday
8316,CA-2015-161508,2015-12-07,,Standard Class,PV-18985,Paul Van Hugh,Home Office,United States,League City,Texas,Central,OFF-AR-10003158,Office Supplies,Art,Fluorescent Highlighters by Dixon,22.288,December,Monday
8317,CA-2015-161508,2015-12-07,,Standard Class,PV-18985,Paul Van Hugh,Home Office,United States,League City,Texas,Central,OFF-PA-10001804,Office Supplies,Paper,Xerox 195,16.032,December,Monday
8378,CA-2016-162964,2016-12-11,,Standard Class,MF-18250,Monica Federle,Corporate,United States,Houston,Texas,Central,OFF-ST-10002344,Office Supplies,Storage,"Carina 42""Hx23 3/4""W Media Storage Unit",64.784,December,Sunday
8379,CA-2016-162964,2016-12-11,,Standard Class,MF-18250,Monica Federle,Corporate,United States,Houston,Texas,Central,OFF-PA-10003349,Office Supplies,Paper,Xerox 1957,15.552,December,Sunday
8380,CA-2016-162964,2016-12-11,,Standard Class,MF-18250,Monica Federle,Corporate,United States,Houston,Texas,Central,OFF-EN-10003055,Office Supplies,Envelopes,"Blue String-Tie & Button Interoffice Envelopes, 10 x 13",223.888,December,Sunday
8422,CA-2018-150091,2018-12-10,,Standard Class,NP-18670,Nora Paige,Consumer,United States,Lakewood,New Jersey,East,TEC-AC-10002167,Technology,Accessories,Imation 8gb Micro Traveldrive Usb 2.0 Flash Drive,45.0,December,Monday
8423,CA-2018-150091,2018-12-10,,Standard Class,NP-18670,Nora Paige,Consumer,United States,Lakewood,New Jersey,East,OFF-FA-10000621,Office Supplies,Fasteners,"OIC Colored Binder Clips, Assorted Sizes",17.9,December,Monday
8424,CA-2018-150091,2018-12-10,,Standard Class,NP-18670,Nora Paige,Consumer,United States,Lakewood,New Jersey,East,FUR-FU-10004053,Furniture,Furnishings,DAX Two-Tone Silver Metal Document Frame,40.48,December,Monday
8425,CA-2018-150091,2018-12-10,,Standard Class,NP-18670,Nora Paige,Consumer,United States,Lakewood,New Jersey,East,FUR-BO-10003404,Furniture,Bookcases,"Global Adaptabilites Bookcase, Cherry/Storm Gray Finish",2154.9,December,Monday
8429,US-2018-132220,2018-12-11,,Standard Class,DJ-13510,Don Jones,Corporate,United States,Tempe,Arizona,West,TEC-AC-10004227,Technology,Accessories,SanDisk Ultra 16 GB MicroSDHC Class 10 Memory Card,62.352,December,Tuesday
8480,US-2017-119270,2017-12-03,,Standard Class,SW-20245,Scot Wooten,Consumer,United States,Los Angeles,California,West,OFF-PA-10004022,Office Supplies,Paper,Hammermill Color Copier Paper (28Lb. and 96 Bright),19.98,December,Sunday
8641,US-2018-148551,2018-12-01,,Standard Class,DB-13120,David Bremer,Corporate,United States,Dallas,Texas,Central,OFF-BI-10000545,Office Supplies,Binders,GBC Ibimaster 500 Manual ProClick Binding System,760.98,December,Saturday
8662,CA-2016-131856,2016-12-05,,Standard Class,JG-15160,James Galang,Consumer,United States,Houston,Texas,Central,FUR-FU-10000175,Furniture,Furnishings,DAX Wood Document Frame.,21.968,December,Monday
8663,CA-2016-131856,2016-12-05,,Standard Class,JG-15160,James Galang,Consumer,United States,Houston,Texas,Central,TEC-PH-10001336,Technology,Phones,Digium D40 VoIP phone,619.152,December,Monday
8664,CA-2016-131856,2016-12-05,,Standard Class,JG-15160,James Galang,Consumer,United States,Houston,Texas,Central,OFF-PA-10001954,Office Supplies,Paper,Xerox 1964,127.904,December,Monday
8717,CA-2017-120824,2017-12-06,,Second Class,AW-10930,Arthur Wiediger,Home Office,United States,Houston,Texas,Central,OFF-AP-10001242,Office Supplies,Appliances,APC 7 Outlet Network SurgeArrest Surge Protector,64.384,December,Wednesday
8718,CA-2017-120824,2017-12-06,,Second Class,AW-10930,Arthur Wiediger,Home Office,United States,Houston,Texas,Central,FUR-FU-10001424,Furniture,Furnishings,Dax Clear Box Frame,6.984,December,Wednesday
8719,CA-2017-120824,2017-12-06,,Second Class,AW-10930,Arthur Wiediger,Home Office,United States,Houston,Texas,Central,OFF-AR-10003469,Office Supplies,Art,Nontoxic Chalk,11.264,December,Wednesday
8720,CA-2017-120824,2017-12-06,,Second Class,AW-10930,Arthur Wiediger,Home Office,United States,Houston,Texas,Central,OFF-PA-10000232,Office Supplies,Paper,Xerox 1975,15.552,December,Wednesday
8721,CA-2017-120824,2017-12-06,,Second Class,AW-10930,Arthur Wiediger,Home Office,United States,Houston,Texas,Central,FUR-CH-10000229,Furniture,Chairs,Global Enterprise Series Seating High-Back Swivel/Tilt Chairs,379.372,December,Wednesday
8722,CA-2017-120824,2017-12-06,,Second Class,AW-10930,Arthur Wiediger,Home Office,United States,Houston,Texas,Central,OFF-ST-10002562,Office Supplies,Storage,Staple magnet,67.536,December,Wednesday
8723,CA-2017-120824,2017-12-06,,Second Class,AW-10930,Arthur Wiediger,Home Office,United States,Houston,Texas,Central,OFF-BI-10001525,Office Supplies,Binders,"Acco Pressboard Covers with Storage Hooks, 14 7/8"" x 11"", Executive Red",1.524,December,Wednesday
8770,CA-2017-151148,2017-12-09,,Same Day,PO-19180,Philisse Overcash,Home Office,United States,Louisville,Colorado,West,TEC-PH-10001870,Technology,Phones,Lunatik TT5L-002 Taktik Strike Impact Protection System for iPhone 5,146.952,December,Saturday
8771,CA-2017-151148,2017-12-09,,Same Day,PO-19180,Philisse Overcash,Home Office,United States,Louisville,Colorado,West,FUR-CH-10002304,Furniture,Chairs,"Global Stack Chair without Arms, Black",83.136,December,Saturday
8807,CA-2017-113082,2017-12-09,,Standard Class,MC-17590,Matt Collister,Corporate,United States,Utica,New York,East,FUR-FU-10002813,Furniture,Furnishings,"DAX Contemporary Wood Frame with Silver Metal Mat, Desktop, 11 x 14 Size",40.48,December,Saturday
9010,CA-2018-106047,2018-12-07,,Standard Class,CS-11860,Cari Schnelling,Consumer,United States,Fairfield,Ohio,East,OFF-PA-10000791,Office Supplies,Paper,"Wirebound Message Books, Four 2 3/4 x 5 Forms per Page, 200 Sets per Book",3.816,December,Friday
9056,CA-2016-128993,2016-12-09,,Second Class,CC-12670,Craig Carreira,Consumer,United States,Seattle,Washington,West,TEC-AC-10004209,Technology,Accessories,Memorex Froggy Flash Drive 4 GB,21.98,December,Friday
9072,CA-2016-136105,2016-12-06,,Standard Class,SZ-20035,Sam Zeldin,Home Office,United States,Columbus,Indiana,Central,OFF-ST-10002444,Office Supplies,Storage,Recycled Eldon Regeneration Jumbo File,24.56,December,Tuesday
9098,US-2015-158365,2015-12-04,,Standard Class,SV-20785,Stewart Visinsky,Consumer,United States,Bloomington,Indiana,Central,OFF-PA-10000289,Office Supplies,Paper,Xerox 213,32.4,December,Friday
9099,CA-2018-152933,2018-12-10,,Standard Class,MG-17650,Matthew Grinstein,Home Office,United States,Dallas,Texas,Central,TEC-PH-10002085,Technology,Phones,Clarity 53712,369.544,December,Monday
9100,CA-2018-152933,2018-12-10,,Standard Class,MG-17650,Matthew Grinstein,Home Office,United States,Dallas,Texas,Central,OFF-PA-10001934,Office Supplies,Paper,Xerox 1993,10.368,December,Monday
9101,CA-2018-152933,2018-12-10,,Standard Class,MG-17650,Matthew Grinstein,Home Office,United States,Dallas,Texas,Central,TEC-AC-10003033,Technology,Accessories,Plantronics CS510 - Over-the-Head monaural Wireless Headset System,791.88,December,Monday
9135,CA-2017-124254,2017-12-04,,Standard Class,TB-21175,Thomas Boland,Corporate,United States,Wilson,North Carolina,South,OFF-ST-10001469,Office Supplies,Storage,Fellowes Bankers Box Recycled Super Stor/Drawer,129.552,December,Monday
9136,CA-2017-124254,2017-12-04,,Standard Class,TB-21175,Thomas Boland,Corporate,United States,Wilson,North Carolina,South,OFF-ST-10000060,Office Supplies,Storage,Fellowes Bankers Box Staxonsteel Drawer File/Stacking System,51.984,December,Monday
9137,CA-2017-124254,2017-12-04,,Standard Class,TB-21175,Thomas Boland,Corporate,United States,Wilson,North Carolina,South,OFF-PA-10000807,Office Supplies,Paper,"TOPS ""Important Message"" Pads, Canary, 4-1/4 x 5-1/2, 50 Sheets per Pad",10.272,December,Monday
9175,CA-2018-119424,2018-12-06,,Second Class,SB-20185,Sarah Brown,Consumer,United States,Kent,Washington,West,TEC-PH-10002564,Technology,Phones,OtterBox Defender Series Case - Samsung Galaxy S4,71.976,December,Thursday
9176,CA-2018-119424,2018-12-06,,Second Class,SB-20185,Sarah Brown,Consumer,United States,Kent,Washington,West,OFF-PA-10001639,Office Supplies,Paper,Xerox 203,19.44,December,Thursday
9272,CA-2017-100510,2017-12-05,,Standard Class,HM-14860,Harry Marie,Corporate,United States,New York City,New York,East,FUR-FU-10000320,Furniture,Furnishings,OIC Stacking Trays,10.02,December,Tuesday
9273,CA-2017-100510,2017-12-05,,Standard Class,HM-14860,Harry Marie,Corporate,United States,New York City,New York,East,TEC-PH-10001835,Technology,Phones,Jawbone JAMBOX Wireless Bluetooth Speaker,631.96,December,Tuesday
9331,US-2016-153283,2016-12-11,,Standard Class,EB-14110,Eugene Barchas,Consumer,United States,New York City,New York,East,OFF-EN-10001539,Office Supplies,Envelopes,Staple envelope,15.56,December,Sunday
9403,CA-2017-105459,2017-12-08,,Second Class,NP-18700,Nora Preis,Consumer,United States,New York City,New York,East,FUR-TA-10001095,Furniture,Tables,Chromcraft Round Conference Tables,209.148,December,Friday
9404,CA-2017-105459,2017-12-08,,Second Class,NP-18700,Nora Preis,Consumer,United States,New York City,New York,East,OFF-ST-10000078,Office Supplies,Storage,Tennsco 6- and 18-Compartment Lockers,1591.02,December,Friday
9426,CA-2015-116246,2015-12-09,,Second Class,LW-17215,Luke Weiss,Consumer,United States,New York City,New York,East,FUR-CH-10002024,Furniture,Chairs,HON 5400 Series Task Chairs for Big and Tall,3785.292,December,Wednesday
9440,US-2015-154655,2015-12-10,,Standard Class,BP-11050,Barry Pond,Corporate,United States,Chicago,Illinois,Central,OFF-SU-10000898,Office Supplies,Supplies,"Acme Hot Forged Carbon Steel Scissors with Nickel-Plated Handles, 3 7/8"" Cut, 8""L",22.24,December,Thursday
9487,CA-2018-130505,2018-12-10,2018-12-10,Same Day,NF-18385,Natalie Fritzler,Consumer,United States,Wheeling,West Virginia,East,FUR-TA-10001932,Furniture,Tables,"Chromcraft 48"" x 96"" Racetrack Double Pedestal Table",673.344,December,Monday
9496,US-2017-123610,2017-12-05,,Standard Class,VM-21835,Vivian Mathis,Consumer,United States,Mission Viejo,California,West,TEC-AC-10004518,Technology,Accessories,Memorex Mini Travel Drive 32 GB USB 2.0 Flash Drive,120.0,December,Tuesday
9497,US-2017-123610,2017-12-05,,Standard Class,VM-21835,Vivian Mathis,Consumer,United States,Mission Viejo,California,West,OFF-AP-10002222,Office Supplies,Appliances,Staple holder,8.67,December,Tuesday
9537,CA-2018-124191,2018-12-06,,Second Class,TS-21610,Troy Staebel,Consumer,United States,Chicago,Illinois,Central,FUR-FU-10002364,Furniture,Furnishings,"Eldon Expressions Wood Desk Accessories, Oak",8.856,December,Thursday
9639,US-2018-125808,2018-12-11,,Second Class,EP-13915,Emily Phan,Consumer,United States,Los Angeles,California,West,OFF-PA-10001846,Office Supplies,Paper,Xerox 1899,11.56,December,Tuesday
9717,US-2017-144477,2017-12-08,,Second Class,DB-13270,Deborah Brumfield,Home Office,United States,Philadelphia,Pennsylvania,East,OFF-AR-10000914,Office Supplies,Art,Boston 16765 Mini Stand Up Battery Pencil Sharpener,37.312,December,Friday
9720,CA-2018-166835,2018-12-11,,Second Class,DK-13375,Dennis Kane,Consumer,United States,Lancaster,Pennsylvania,East,OFF-ST-10002574,Office Supplies,Storage,"SAFCO Commercial Wire Shelving, Black",221.024,December,Tuesday
9797,CA-2016-128608,2016-12-01,,Standard Class,CS-12490,Cindy Schnelling,Corporate,United States,Toledo,Ohio,East,OFF-AR-10001374,Office Supplies,Art,"BIC Brite Liner Highlighters, Chisel Tip",10.368,December,Thursday
9798,CA-2016-128608,2016-12-01,,Standard Class,CS-12490,Cindy Schnelling,Corporate,United States,Toledo,Ohio,East,TEC-PH-10004977,Technology,Phones,GE 30524EE4,235.188,December,Thursday
9799,CA-2016-128608,2016-12-01,,Standard Class,CS-12490,Cindy Schnelling,Corporate,United States,Toledo,Ohio,East,TEC-PH-10000912,Technology,Phones,Anker 24W Portable Micro USB Car Charger,26.376,December,Thursday
9800,CA-2016-128608,2016-12-01,,Standard Class,CS-12490,Cindy Schnelling,Corporate,United States,Toledo,Ohio,East,TEC-AC-10000487,Technology,Accessories,SanDisk Cruzer 4 GB USB Flash Drive,10.384,December,Thursday
